line,provider,source,status,score,dns_preflight,diagnostic_stages
1,anime-ultime,gowaru,reachable,75,inconclusive,provider_reachable_http_error | content_not_found_or_parser_failed | content_not_found_or_parser_failed | provider_reachable_http_error | provider_reachable_http_error | content_not_found_or_parser_failed | content_not_found_or_parser_failed | content_not_found_or_parser_failed | content_not_found_or_parser_failed
2,anime-sama,gowaru,no_streams,10,inconclusive,content_not_found | content_not_found | content_not_found | content_not_found | content_not_found | content_not_found
3,animesama-co,gowaru,no_streams,10,inconclusive,content_not_found | content_not_found | content_not_found | content_not_found | content_not_found | content_not_found
4,animesultra,gowaru,reachable,75,inconclusive,provider_reachable_http_error | content_not_found_or_parser_failed | provider_reachable_http_error | provider_reachable_http_error | content_not_found_or_parser_failed | content_not_found_or_parser_failed
5,animevostfr,gowaru,no_streams,10,inconclusive,content_not_found | content_not_found | content_not_found | content_not_found | content_not_found | content_not_found
6,animoflix,gowaru,no_streams,10,inconclusive,content_not_found | content_not_found | content_not_found | content_not_found | content_not_found | content_not_found
7,coflix,gowaru,reachable,75,inconclusive,content_not_found_or_parser_failed | content_not_found_or_parser_failed | content_not_found_or_parser_failed | content_not_found_or_parser_failed | content_not_found_or_parser_failed | content_not_found_or_parser_failed | content_not_found_or_parser_failed | content_not_found_or_parser_failed | content_not_found_or_parser_failed
8,dulourd,gowaru,no_streams,10,inconclusive,provider_reachable_http_error | provider_reachable_http_error | provider_reachable_http_error | provider_reachable_http_error | provider_reachable_http_error | provider_reachable_http_error
9,flemmix,gowaru,no_streams,10,inconclusive,content_not_found | content_not_found | content_not_found | content_not_found | content_not_found | content_not_found
10,french-manga,gowaru,no_streams,10,inconclusive,content_not_found | content_not_found | content_not_found | content_not_found | content_not_found | content_not_found
11,voiranime-homes,gowaru,no_streams,10,inconclusive,content_not_found | content_not_found | content_not_found | content_not_found | content_not_found | content_not_found
12,frenchstream,gowaru,reachable,75,inconclusive,content_not_found_or_parser_failed | content_not_found_or_parser_failed | content_not_found_or_parser_failed | content_not_found_or_parser_failed | content_not_found_or_parser_failed | content_not_found_or_parser_failed | content_not_found_or_parser_failed | content_not_found_or_parser_failed | content_not_found_or_parser_failed
13,movix,gowaru,no_streams,10,inconclusive,provider_reachable_http_error | provider_reachable_http_error | provider_reachable_http_error | provider_unreachable_or_runtime_error | provider_unreachable_or_runtime_error | provider_reachable_http_error | provider_reachable_http_error | provider_unreachable_or_runtime_error | provider_reachable_http_error
14,mugiwarastream,gowaru,no_streams,10,inconclusive,content_not_found | content_not_found | content_not_found | content_not_found | content_not_found | content_not_found
15,sekai,gowaru,no_streams,10,inconclusive,content_not_found | content_not_found | content_not_found | content_not_found | content_not_found | content_not_found
16,voiranime,gowaru,no_streams,10,inconclusive,content_not_found | content_not_found | content_not_found | content_not_found | content_not_found | content_not_found
17,voiranime-rip,gowaru,no_streams,10,inconclusive,content_not_found | content_not_found | content_not_found | content_not_found | content_not_found | content_not_found
18,vostfree,gowaru,reachable,75,inconclusive,provider_reachable_http_error | content_not_found_or_parser_failed | provider_reachable_http_error | provider_reachable_http_error | content_not_found_or_parser_failed | content_not_found_or_parser_failed
19,nakios,gowaru,no_streams,10,inconclusive,content_not_found | content_not_found | content_not_found | content_not_found | content_not_found | content_not_found | content_not_found | content_not_found | content_not_found
20,papadustream,gowaru,no_streams,10,inconclusive,content_not_found | content_not_found | content_not_found | content_not_found | content_not_found | content_not_found
21,wookafr,gowaru,reachable,75,inconclusive,content_not_found_or_parser_failed | content_not_found_or_parser_failed | content_not_found_or_parser_failed | content_not_found_or_parser_failed | content_not_found_or_parser_failed | content_not_found_or_parser_failed
22,streamzo,gowaru,no_streams,10,inconclusive,content_not_found | content_not_found | content_not_found | content_not_found | content_not_found | content_not_found | content_not_found | content_not_found | content_not_found
23,waveanime,gowaru,no_streams,10,inconclusive,provider_reachable_http_error | provider_reachable_http_error | provider_reachable_http_error | provider_reachable_http_error | provider_reachable_http_error | provider_reachable_http_error
24,allanime,aio,reachable,75,inconclusive,content_not_found_or_parser_failed | content_not_found_or_parser_failed | content_not_found_or_parser_failed | content_not_found_or_parser_failed | content_not_found_or_parser_failed | content_not_found_or_parser_failed
25,4khdhub,aio,no_streams,10,inconclusive,content_not_found | content_not_found | content_not_found | content_not_found | content_not_found | content_not_found
26,4khdhubnew,aio,no_streams,10,inconclusive,content_not_found | content_not_found | content_not_found | content_not_found | content_not_found | content_not_found
27,allwish,aio,no_streams,10,no_provider_domain_detected,provider_reachable_http_error | provider_reachable_http_error | provider_reachable_http_error | provider_reachable_http_error | provider_reachable_http_error | provider_reachable_http_error
28,animekai,aio,no_streams,10,inconclusive,content_not_found | content_not_found | content_not_found | content_not_found | content_not_found | content_not_found | content_not_found | content_not_found | content_not_found
29,anikototv,aio,reachable,75,inconclusive,content_not_found_or_parser_failed | content_not_found_or_parser_failed | content_not_found_or_parser_failed | content_not_found_or_parser_failed | content_not_found_or_parser_failed | content_not_found_or_parser_failed
30,anidb,aio,no_streams,10,no_provider_domain_detected,content_not_found | content_not_found | content_not_found | content_not_found | content_not_found | content_not_found
31,animepahe,aio,reachable,75,inconclusive,provider_reachable_http_error | search_or_route_obsolete | content_not_found_or_parser_failed | provider_reachable_http_error | provider_reachable_http_error | search_or_route_obsolete | search_or_route_obsolete | content_not_found_or_parser_failed | content_not_found_or_parser_failed
32,animesalt,aio,reachable,75,no_provider_domain_detected,content_not_found_or_parser_failed | content_not_found_or_parser_failed | content_not_found_or_parser_failed | content_not_found_or_parser_failed | content_not_found_or_parser_failed | content_not_found_or_parser_failed | content_not_found_or_parser_failed | content_not_found_or_parser_failed | content_not_found_or_parser_failed
33,animetsu,aio,no_streams,10,inconclusive,content_not_found | content_not_found | content_not_found | content_not_found | content_not_found | content_not_found
34,animeworld,aio,no_streams,10,no_provider_domain_detected,provider_reachable_http_error | provider_reachable_http_error | provider_reachable_http_error | provider_reachable_http_error | provider_reachable_http_error | provider_reachable_http_error | provider_reachable_http_error | provider_reachable_http_error | provider_reachable_http_error
35,anime-sama,aio,no_streams,10,inconclusive,content_not_found | content_not_found | content_not_found | content_not_found | content_not_found | content_not_found
36,allmovieland,aio,no_streams,10,inconclusive,content_not_found | content_not_found | content_not_found | content_not_found | content_not_found | content_not_found
37,animezey,aio,no_streams,10,inconclusive,content_not_found | content_not_found | content_not_found | content_not_found | content_not_found | content_not_found
38,desiflix,aio,reachable,75,inconclusive,content_not_found_or_parser_failed | content_not_found_or_parser_failed | content_not_found_or_parser_failed | content_not_found_or_parser_failed | content_not_found_or_parser_failed | content_not_found_or_parser_failed
39,castle,aio,no_streams,10,inconclusive,content_not_found | content_not_found | content_not_found | content_not_found | content_not_found | content_not_found
40,cineby,aio,no_streams,10,no_provider_domain_detected,content_not_found | content_not_found | content_not_found | content_not_found | content_not_found | content_not_found
41,cinefreak,aio,no_streams,10,inconclusive,content_not_found | content_not_found | content_not_found | content_not_found | content_not_found | content_not_found
42,cinemm,aio,no_streams,10,inconclusive,search_or_route_obsolete | search_or_route_obsolete | search_or_route_obsolete | search_or_route_obsolete | search_or_route_obsolete | search_or_route_obsolete
43,cinemacity,aio,no_streams,10,inconclusive,content_not_found | content_not_found | content_not_found | content_not_found | content_not_found | content_not_found
44,ctgmovies,aio,no_streams,10,inconclusive,content_not_found | content_not_found | content_not_found | content_not_found | content_not_found | content_not_found
45,dooflix,aio,no_streams,10,no_provider_domain_detected,provider_reachable_http_error | provider_reachable_http_error | provider_reachable_http_error | provider_reachable_http_error | provider_reachable_http_error | provider_reachable_http_error
46,einthusan,aio,no_streams,10,inconclusive,content_not_found | content_not_found | content_not_found | content_not_found | content_not_found | content_not_found
47,fibwatch,aio,no_streams,10,no_provider_domain_detected,provider_reachable_http_error | provider_reachable_http_error | provider_reachable_http_error | provider_reachable_http_error | provider_reachable_http_error | provider_reachable_http_error | provider_reachable_http_error | provider_reachable_http_error | provider_reachable_http_error
48,goated,aio,reachable,25,inconclusive,content_not_found_or_parser_failed | content_not_found_or_parser_failed | content_not_found_or_parser_failed | content_not_found_or_parser_failed | content_not_found_or_parser_failed | content_not_found_or_parser_failed
49,gramcinema,aio,no_streams,10,inconclusive,content_not_found | content_not_found | content_not_found | content_not_found | content_not_found | content_not_found
50,hdghartv,aio,reachable,75,no_provider_domain_detected,content_not_found_or_parser_failed | content_not_found_or_parser_failed | content_not_found_or_parser_failed | content_not_found_or_parser_failed | content_not_found_or_parser_failed | content_not_found_or_parser_failed
51,hdhub4u,aio,no_streams,10,inconclusive,content_not_found | content_not_found | content_not_found | content_not_found | content_not_found | content_not_found
52,hianime,aio,no_streams,10,no_provider_domain_detected,content_not_found | content_not_found | content_not_found | content_not_found | content_not_found | content_not_found
53,hindmoviez,aio,reachable,25,inconclusive,content_not_found_or_parser_failed | content_not_found_or_parser_failed | content_not_found_or_parser_failed | content_not_found_or_parser_failed | content_not_found_or_parser_failed | content_not_found_or_parser_failed
54,kurage,aio,no_streams,10,inconclusive,content_not_found | content_not_found | content_not_found | content_not_found | content_not_found | content_not_found
55,moviebox,aio,no_streams,10,inconclusive,provider_reachable_http_error | provider_reachable_http_error | provider_reachable_http_error | provider_reachable_http_error | provider_reachable_http_error | provider_reachable_http_error
56,movieblast,aio,no_streams,10,inconclusive,content_not_found | content_not_found | content_not_found | content_not_found | content_not_found | content_not_found
57,moviesdrive,aio,no_streams,10,inconclusive,content_not_found | content_not_found | content_not_found | content_not_found | content_not_found | content_not_found
58,movieshunt,aio,no_streams,10,inconclusive,content_not_found | content_not_found | content_not_found
59,moviesmod,aio,no_streams,10,inconclusive,content_not_found | content_not_found | content_not_found | content_not_found | content_not_found | content_not_found
60,movies4u,aio,reachable,25,inconclusive,content_not_found_or_parser_failed | content_not_found_or_parser_failed | content_not_found_or_parser_failed | content_not_found_or_parser_failed | content_not_found_or_parser_failed | content_not_found_or_parser_failed
61,movix,aio,no_streams,10,inconclusive,provider_reachable_http_error | provider_reachable_http_error | provider_reachable_http_error | provider_reachable_http_error | provider_reachable_http_error | provider_reachable_http_error | provider_reachable_http_error | provider_reachable_http_error | provider_reachable_http_error
62,nakios,aio,no_streams,10,inconclusive,search_or_route_obsolete | search_or_route_obsolete | search_or_route_obsolete | search_or_route_obsolete | search_or_route_obsolete | search_or_route_obsolete | search_or_route_obsolete | search_or_route_obsolete | search_or_route_obsolete
63,netmirror,aio,reachable,75,inconclusive,content_not_found_or_parser_failed | content_not_found_or_parser_failed | content_not_found_or_parser_failed | content_not_found_or_parser_failed | content_not_found_or_parser_failed | content_not_found_or_parser_failed
64,persianstremio,aio,reachable,75,no_provider_domain_detected,content_not_found_or_parser_failed | content_not_found_or_parser_failed | content_not_found_or_parser_failed | content_not_found_or_parser_failed | content_not_found_or_parser_failed | content_not_found_or_parser_failed
65,peachify,aio,runtime_error,0,no_provider_domain_detected,provider_unreachable_or_runtime_error | provider_unreachable_or_runtime_error | provider_unreachable_or_runtime_error | provider_unreachable_or_runtime_error | provider_unreachable_or_runtime_error | provider_unreachable_or_runtime_error
66,playimdb,aio,reachable,75,inconclusive,content_not_found_or_parser_failed | content_not_found_or_parser_failed | content_not_found_or_parser_failed | content_not_found_or_parser_failed | content_not_found_or_parser_failed | content_not_found_or_parser_failed
67,purstream,aio,no_streams,10,inconclusive,provider_reachable_http_error | provider_reachable_http_error | provider_reachable_http_error | provider_reachable_http_error | provider_reachable_http_error | provider_reachable_http_error | provider_reachable_http_error | provider_reachable_http_error | provider_reachable_http_error
68,showbox,aio,no_streams,10,inconclusive,content_not_found | content_not_found | content_not_found | content_not_found | content_not_found | content_not_found
69,topcartoons,aio,healthy,65,no_provider_domain_detected,content_not_found_or_parser_failed | stream_valid | content_not_found_or_parser_failed | stream_valid
70,vidrock,aio,no_streams,10,inconclusive,content_not_found | content_not_found | content_not_found | content_not_found | content_not_found | content_not_found
71,uhdmovies,aio,healthy,77,inconclusive,content_not_found_or_parser_failed | content_not_found_or_parser_failed | content_not_found_or_parser_failed | content_not_found_or_parser_failed | stream_valid | content_not_found_or_parser_failed
72,vegamovies,aio,no_streams,10,inconclusive,search_or_route_obsolete | search_or_route_obsolete | search_or_route_obsolete | search_or_route_obsolete | search_or_route_obsolete | search_or_route_obsolete
73,vidlink,aio,reachable,75,inconclusive,content_not_found_or_parser_failed | content_not_found_or_parser_failed | content_not_found_or_parser_failed | content_not_found_or_parser_failed | content_not_found_or_parser_failed | content_not_found_or_parser_failed
74,videasy,aio,reachable,75,inconclusive,content_not_found_or_parser_failed | content_not_found_or_parser_failed | provider_reachable_http_error | provider_reachable_http_error | provider_reachable_http_error | provider_reachable_http_error
75,vidsrc,aio,reachable,25,inconclusive,content_not_found_or_parser_failed | content_not_found_or_parser_failed | content_not_found_or_parser_failed | content_not_found_or_parser_failed | content_not_found_or_parser_failed | content_not_found_or_parser_failed
76,vixsrc,aio,no_streams,10,inconclusive,content_not_found | content_not_found | content_not_found | content_not_found | content_not_found | content_not_found
77,vidfast,aio,reachable,75,inconclusive,content_not_found_or_parser_failed | content_not_found_or_parser_failed | content_not_found_or_parser_failed | content_not_found_or_parser_failed | content_not_found_or_parser_failed | content_not_found_or_parser_failed
78,xpass,aio,no_streams,10,no_provider_domain_detected,provider_reachable_http_error | provider_reachable_http_error | provider_reachable_http_error | provider_reachable_http_error | provider_reachable_http_error | provider_reachable_http_error
79,zinkmovies,aio,no_streams,10,inconclusive,content_not_found | content_not_found | content_not_found | content_not_found | content_not_found | content_not_found
80,onlykdrama,aio,no_streams,10,no_provider_domain_detected,content_not_found | content_not_found | content_not_found | content_not_found | content_not_found | content_not_found
81,kisskh,aio,no_streams,10,inconclusive,content_not_found | content_not_found | content_not_found | content_not_found | content_not_found | content_not_found
82,4khdhub,yoru,reachable,75,inconclusive,content_not_found_or_parser_failed | content_not_found_or_parser_failed | content_not_found_or_parser_failed | content_not_found_or_parser_failed | content_not_found_or_parser_failed | content_not_found_or_parser_failed
83,animepahe,yoru,reachable,75,inconclusive,provider_reachable_http_error | search_or_route_obsolete | content_not_found_or_parser_failed | provider_reachable_http_error | provider_reachable_http_error | search_or_route_obsolete | search_or_route_obsolete | content_not_found_or_parser_failed | content_not_found_or_parser_failed
84,uhdmovies,yoru,reachable,25,inconclusive,content_not_found_or_parser_failed | content_not_found_or_parser_failed | content_not_found_or_parser_failed | content_not_found_or_parser_failed | content_not_found_or_parser_failed | content_not_found_or_parser_failed
85,moviesmod,yoru,no_streams,10,inconclusive,provider_reachable_http_error | provider_reachable_http_error | provider_reachable_http_error | provider_reachable_http_error | provider_reachable_http_error | provider_reachable_http_error
86,netmirror,yoru,reachable,75,inconclusive,content_not_found_or_parser_failed | content_not_found_or_parser_failed | content_not_found_or_parser_failed | content_not_found_or_parser_failed | content_not_found_or_parser_failed | content_not_found_or_parser_failed
87,streamflix,yoru,no_streams,10,inconclusive,content_not_found | content_not_found | content_not_found | content_not_found | content_not_found | content_not_found
88,moviebox,yoru,no_streams,10,inconclusive,provider_reachable_http_error | provider_reachable_http_error | provider_reachable_http_error | provider_reachable_http_error | provider_reachable_http_error | provider_reachable_http_error
89,vixsrc,yoru,no_streams,10,inconclusive,content_not_found | content_not_found | content_not_found | content_not_found | content_not_found | content_not_found
90,dvdplay,yoru,no_streams,10,inconclusive,content_not_found | content_not_found | content_not_found | content_not_found | content_not_found | content_not_found
91,yflix,yoru,reachable,75,inconclusive,content_not_found_or_parser_failed | content_not_found_or_parser_failed | content_not_found_or_parser_failed | content_not_found_or_parser_failed | content_not_found_or_parser_failed | content_not_found_or_parser_failed
92,videasy,yoru,no_streams,10,inconclusive,content_not_found | content_not_found | content_not_found | content_not_found | content_not_found | content_not_found
93,mallumv,yoru,no_streams,10,inconclusive,content_not_found | content_not_found | content_not_found
94,vidlink,yoru,no_streams,10,inconclusive,content_not_found | content_not_found | content_not_found | content_not_found | content_not_found | content_not_found
95,vidnest,yoru,no_streams,10,inconclusive,content_not_found | content_not_found | content_not_found | content_not_found | content_not_found | content_not_found
96,vidnest-anime,yoru,no_streams,10,inconclusive,content_not_found | content_not_found | content_not_found | content_not_found | content_not_found | content_not_found
97,cinevibe,yoru,no_streams,10,no_provider_domain_detected,content_not_found | content_not_found | content_not_found
98,cinemacity,yoru,no_streams,10,inconclusive,provider_reachable_http_error | provider_reachable_http_error | provider_reachable_http_error | provider_reachable_http_error | provider_reachable_http_error | provider_reachable_http_error
99,castle,yoru,no_streams,10,inconclusive,content_not_found | content_not_found | content_not_found | content_not_found | content_not_found | content_not_found
100,showbox,yoru,no_streams,10,inconclusive,content_not_found | content_not_found | content_not_found | content_not_found | content_not_found | content_not_found
101,hdhub4u,yoru,no_streams,10,inconclusive,content_not_found | content_not_found | content_not_found | content_not_found | content_not_found | content_not_found
102,allmovieland,yoru,no_streams,10,inconclusive,content_not_found | content_not_found | content_not_found | content_not_found | content_not_found | content_not_found
103,dooflix,yoru,no_streams,10,inconclusive,provider_reachable_http_error | provider_reachable_http_error | provider_reachable_http_error | provider_reachable_http_error | provider_reachable_http_error | provider_reachable_http_error
104,movieblast,yoru,no_streams,10,inconclusive,content_not_found | content_not_found | content_not_found | content_not_found | content_not_found | content_not_found
105,mycima,yoru,no_streams,10,inconclusive,content_not_found | content_not_found | content_not_found | content_not_found | content_not_found | content_not_found | content_not_found | content_not_found | content_not_found
106,moviesdrive,yoru,no_streams,10,inconclusive,content_not_found | content_not_found | content_not_found | content_not_found | content_not_found | content_not_found
107,hianime,yoru,no_streams,10,inconclusive,content_not_found | content_not_found | content_not_found | content_not_found | content_not_found | content_not_found
108,kurage,yoru,no_streams,10,inconclusive,content_not_found | content_not_found | content_not_found | content_not_found | content_not_found | content_not_found
109,anizone,yoru,no_streams,10,inconclusive,provider_reachable_http_error | content_not_found | provider_reachable_http_error | provider_reachable_http_error | content_not_found | content_not_found
110,anime-sama,published-baseline,no_streams,10,inconclusive,content_not_found | content_not_found | content_not_found | content_not_found | content_not_found | content_not_found
111,purstream,published-baseline,no_streams,10,inconclusive,provider_reachable_http_error | provider_reachable_http_error | provider_reachable_http_error | provider_reachable_http_error | provider_reachable_http_error | provider_reachable_http_error | provider_reachable_http_error | provider_reachable_http_error | provider_reachable_http_error
112,flemmix,published-baseline,no_streams,10,inconclusive,content_not_found | content_not_found | content_not_found | content_not_found | content_not_found | content_not_found
113,uhdmovies,published-baseline,healthy,77,inconclusive,content_not_found_or_parser_failed | content_not_found_or_parser_failed | content_not_found_or_parser_failed | content_not_found_or_parser_failed | stream_valid | content_not_found_or_parser_failed
114,movieshunt,published-baseline,no_streams,10,inconclusive,content_not_found | content_not_found | content_not_found
115,zinkmovies,published-baseline,no_streams,10,inconclusive,content_not_found | content_not_found | content_not_found | content_not_found | content_not_found | content_not_found
116,vegamovies,published-baseline,no_streams,10,inconclusive,search_or_route_obsolete | search_or_route_obsolete | search_or_route_obsolete | search_or_route_obsolete | search_or_route_obsolete | search_or_route_obsolete
117,hindmoviez,published-baseline,reachable,25,inconclusive,content_not_found_or_parser_failed | content_not_found_or_parser_failed | content_not_found_or_parser_failed | content_not_found_or_parser_failed | content_not_found_or_parser_failed | content_not_found_or_parser_failed
118,4khdhub,published-baseline,reachable,75,inconclusive,content_not_found_or_parser_failed | content_not_found_or_parser_failed | content_not_found_or_parser_failed | content_not_found_or_parser_failed | content_not_found_or_parser_failed | content_not_found_or_parser_failed
119,persianstremio,published-baseline,reachable,75,no_provider_domain_detected,content_not_found_or_parser_failed | content_not_found_or_parser_failed | content_not_found_or_parser_failed | content_not_found_or_parser_failed | content_not_found_or_parser_failed | content_not_found_or_parser_failed
120,desiflix,published-baseline,reachable,75,no_provider_domain_detected,content_not_found_or_parser_failed | content_not_found_or_parser_failed | content_not_found_or_parser_failed | content_not_found_or_parser_failed | content_not_found_or_parser_failed | content_not_found_or_parser_failed
121,dulourd,published-baseline,no_streams,10,inconclusive,provider_reachable_http_error | provider_reachable_http_error | provider_reachable_http_error | provider_reachable_http_error | provider_reachable_http_error | provider_reachable_http_error
122,animesama-co,published-baseline,no_streams,10,inconclusive,content_not_found | content_not_found | content_not_found | content_not_found | content_not_found | content_not_found
123,animesultra,published-baseline,no_streams,10,inconclusive,content_not_found | content_not_found | content_not_found | content_not_found | content_not_found | content_not_found
124,animevostfr,published-baseline,no_streams,10,inconclusive,content_not_found | content_not_found | content_not_found | content_not_found | content_not_found | content_not_found
125,coflix,published-baseline,no_streams,10,inconclusive,content_not_found | content_not_found | content_not_found | content_not_found | content_not_found | content_not_found | content_not_found | content_not_found | content_not_found
126,french-manga,published-baseline,no_streams,10,inconclusive,content_not_found | content_not_found | content_not_found | content_not_found | content_not_found | content_not_found
127,frenchstream,published-baseline,no_streams,10,inconclusive,content_not_found | content_not_found | content_not_found | content_not_found | content_not_found | content_not_found | content_not_found | content_not_found | content_not_found
128,movix,published-baseline,no_streams,10,inconclusive,provider_unreachable_or_runtime_error | provider_unreachable_or_runtime_error | provider_reachable_http_error | provider_unreachable_or_runtime_error | provider_unreachable_or_runtime_error | provider_unreachable_or_runtime_error | provider_unreachable_or_runtime_error | provider_unreachable_or_runtime_error | provider_unreachable_or_runtime_error
129,streamzo,published-baseline,no_streams,10,inconclusive,content_not_found | content_not_found | content_not_found | content_not_found | content_not_found | content_not_found | content_not_found | content_not_found | content_not_found
130,voiranime-rip,published-baseline,no_streams,10,inconclusive,content_not_found | content_not_found | content_not_found | content_not_found | content_not_found | content_not_found
131,vostfree,published-baseline,no_streams,10,inconclusive,content_not_found | content_not_found | content_not_found | content_not_found | content_not_found | content_not_found
132,nakios,published-baseline,no_streams,10,inconclusive,content_not_found | content_not_found | content_not_found | content_not_found | content_not_found | content_not_found | content_not_found | content_not_found | content_not_found
133,papadustream,published-baseline,no_streams,10,inconclusive,content_not_found | content_not_found | content_not_found | content_not_found | content_not_found | content_not_found
134,mugiwarastream,published-baseline,no_streams,10,inconclusive,content_not_found | content_not_found | content_not_found | content_not_found | content_not_found | content_not_found
135,videasy,published-baseline,no_streams,10,inconclusive,content_not_found | content_not_found | content_not_found | content_not_found | content_not_found | content_not_found
136,sekai,published-baseline,no_streams,10,inconclusive,content_not_found | content_not_found | content_not_found | content_not_found | content_not_found | content_not_found
137,toflix,published-baseline,reachable,75,inconclusive,content_not_found_or_parser_failed | content_not_found_or_parser_failed | content_not_found_or_parser_failed | content_not_found_or_parser_failed | content_not_found_or_parser_failed | content_not_found_or_parser_failed
138,voiranime,published-baseline,no_streams,10,inconclusive,content_not_found | content_not_found | content_not_found | content_not_found | content_not_found | content_not_found
139,animepahe,published-baseline,reachable,75,inconclusive,provider_reachable_http_error | search_or_route_obsolete | content_not_found_or_parser_failed | provider_reachable_http_error | provider_reachable_http_error | search_or_route_obsolete | search_or_route_obsolete | content_not_found_or_parser_failed | content_not_found_or_parser_failed
140,playimdb,published-baseline,reachable,75,inconclusive,content_not_found_or_parser_failed | content_not_found_or_parser_failed | content_not_found_or_parser_failed | content_not_found_or_parser_failed | content_not_found_or_parser_failed | content_not_found_or_parser_failed
141,allanime,published-baseline,reachable,75,inconclusive,content_not_found_or_parser_failed | content_not_found_or_parser_failed | content_not_found_or_parser_failed | content_not_found_or_parser_failed | content_not_found_or_parser_failed | content_not_found_or_parser_failed
142,anikototv,published-baseline,reachable,75,inconclusive,content_not_found_or_parser_failed | content_not_found_or_parser_failed | content_not_found_or_parser_failed | content_not_found_or_parser_failed | content_not_found_or_parser_failed | content_not_found_or_parser_failed
143,animesalt,published-baseline,reachable,75,no_provider_domain_detected,content_not_found_or_parser_failed | content_not_found_or_parser_failed | content_not_found_or_parser_failed | content_not_found_or_parser_failed | content_not_found_or_parser_failed | content_not_found_or_parser_failed | content_not_found_or_parser_failed | content_not_found_or_parser_failed | content_not_found_or_parser_failed
144,hdghartv,published-baseline,reachable,75,no_provider_domain_detected,content_not_found_or_parser_failed | content_not_found_or_parser_failed | content_not_found_or_parser_failed | content_not_found_or_parser_failed | content_not_found_or_parser_failed | content_not_found_or_parser_failed
145,netmirror,published-baseline,reachable,75,inconclusive,content_not_found_or_parser_failed | content_not_found_or_parser_failed | content_not_found_or_parser_failed | content_not_found_or_parser_failed | content_not_found_or_parser_failed | content_not_found_or_parser_failed
146,vidfast,published-baseline,reachable,75,inconclusive,content_not_found_or_parser_failed | content_not_found_or_parser_failed | content_not_found_or_parser_failed | content_not_found_or_parser_failed | content_not_found_or_parser_failed | content_not_found_or_parser_failed
147,vidlink,published-baseline,reachable,75,inconclusive,content_not_found_or_parser_failed | content_not_found_or_parser_failed | content_not_found_or_parser_failed | content_not_found_or_parser_failed | content_not_found_or_parser_failed | content_not_found_or_parser_failed
148,yflix,published-baseline,reachable,75,inconclusive,content_not_found_or_parser_failed | content_not_found_or_parser_failed | content_not_found_or_parser_failed | content_not_found_or_parser_failed | content_not_found_or_parser_failed | content_not_found_or_parser_failed
149,vidsrc,published-baseline,reachable,25,inconclusive,content_not_found_or_parser_failed | content_not_found_or_parser_failed | content_not_found_or_parser_failed | content_not_found_or_parser_failed | content_not_found_or_parser_failed | content_not_found_or_parser_failed
150,vixsrc,published-baseline,no_streams,10,inconclusive,content_not_found | content_not_found | content_not_found | content_not_found | content_not_found | content_not_found
151,movies4u,published-baseline,reachable,25,inconclusive,content_not_found_or_parser_failed | content_not_found_or_parser_failed | content_not_found_or_parser_failed | content_not_found_or_parser_failed | content_not_found_or_parser_failed | content_not_found_or_parser_failed
152,cineby,published-baseline,no_streams,10,inconclusive,search_or_route_obsolete | search_or_route_obsolete | search_or_route_obsolete | search_or_route_obsolete | search_or_route_obsolete | search_or_route_obsolete
153,vidrock,published-baseline,no_streams,10,inconclusive,content_not_found | content_not_found | content_not_found | content_not_found | content_not_found | content_not_found
154,anizone,published-baseline,no_streams,10,inconclusive,provider_reachable_http_error | content_not_found | provider_reachable_http_error | provider_reachable_http_error | content_not_found | content_not_found
155,moviebox,published-baseline,no_streams,10,inconclusive,provider_reachable_http_error | provider_reachable_http_error | provider_reachable_http_error | provider_reachable_http_error | provider_reachable_http_error | provider_reachable_http_error
156,kurage,published-baseline,no_streams,10,inconclusive,content_not_found | content_not_found | content_not_found | content_not_found | content_not_found | content_not_found
157,moviesmod,published-baseline,no_streams,10,inconclusive,content_not_found | content_not_found | content_not_found | content_not_found | content_not_found | content_not_found
158,animetsu,published-baseline,no_streams,10,inconclusive,content_not_found | content_not_found | content_not_found | content_not_found | content_not_found | content_not_found
159,dooflix,published-baseline,no_streams,10,no_provider_domain_detected,provider_reachable_http_error | provider_reachable_http_error | provider_reachable_http_error | provider_reachable_http_error | provider_reachable_http_error | provider_reachable_http_error
160,hdhub4u,published-baseline,no_streams,10,inconclusive,content_not_found | content_not_found | content_not_found | content_not_found | content_not_found | content_not_found
161,moviesdrive,published-baseline,no_streams,10,inconclusive,content_not_found | content_not_found | content_not_found | content_not_found | content_not_found | content_not_found
162,peachify,published-baseline,runtime_error,0,no_provider_domain_detected,provider_unreachable_or_runtime_error | provider_unreachable_or_runtime_error | provider_unreachable_or_runtime_error | provider_unreachable_or_runtime_error | provider_unreachable_or_runtime_error | provider_unreachable_or_runtime_error
163,streamflix,published-baseline,no_streams,10,inconclusive,content_not_found | content_not_found | content_not_found | content_not_found | content_not_found | content_not_found
164,allmovieland,published-baseline,no_streams,10,inconclusive,content_not_found | content_not_found | content_not_found | content_not_found | content_not_found | content_not_found
165,anidb,published-baseline,no_streams,10,no_provider_domain_detected,content_not_found | content_not_found | content_not_found | content_not_found | content_not_found | content_not_found
166,cinemacity,published-baseline,no_streams,10,inconclusive,content_not_found | content_not_found | content_not_found | content_not_found | content_not_found | content_not_found
167,cinemm,published-baseline,no_streams,10,inconclusive,search_or_route_obsolete | search_or_route_obsolete | search_or_route_obsolete | search_or_route_obsolete | search_or_route_obsolete | search_or_route_obsolete
168,animoflix,published-baseline,no_streams,10,inconclusive,content_not_found | content_not_found | content_not_found | content_not_found | content_not_found | content_not_found
169,wookafr,published-baseline,reachable,75,inconclusive,content_not_found_or_parser_failed | content_not_found_or_parser_failed | content_not_found_or_parser_failed | content_not_found_or_parser_failed | content_not_found_or_parser_failed | content_not_found_or_parser_failed
170,topcartoons,published-baseline,healthy,65,no_provider_domain_detected,content_not_found_or_parser_failed | stream_valid | content_not_found_or_parser_failed | stream_valid
171,einthusan,published-baseline,no_streams,10,inconclusive,content_not_found | content_not_found | content_not_found | content_not_found | content_not_found | content_not_found
172,movieblast,published-baseline,no_streams,10,inconclusive,content_not_found | content_not_found | content_not_found | content_not_found | content_not_found | content_not_found
173,hianime,published-baseline,no_streams,10,no_provider_domain_detected,content_not_found | content_not_found | content_not_found | content_not_found | content_not_found | content_not_found
174,showbox,published-baseline,no_streams,10,inconclusive,content_not_found | content_not_found | content_not_found | content_not_found | content_not_found | content_not_found
175,castle,published-baseline,no_streams,10,inconclusive,content_not_found | content_not_found | content_not_found | content_not_found | content_not_found | content_not_found
176,gramcinema,published-baseline,no_streams,10,inconclusive,content_not_found | content_not_found | content_not_found | content_not_found | content_not_found | content_not_found
177,4khdhubnew,published-baseline,no_streams,10,inconclusive,content_not_found | content_not_found | content_not_found | content_not_found | content_not_found | content_not_found
178,allwish,published-baseline,no_streams,10,no_provider_domain_detected,provider_reachable_http_error | provider_reachable_http_error | provider_reachable_http_error | provider_reachable_http_error | provider_reachable_http_error | provider_reachable_http_error
179,animekai,published-baseline,no_streams,10,inconclusive,content_not_found | content_not_found | content_not_found | content_not_found | content_not_found | content_not_found | content_not_found | content_not_found | content_not_found
180,animeworld,published-baseline,no_streams,10,no_provider_domain_detected,provider_reachable_http_error | provider_reachable_http_error | provider_reachable_http_error | provider_reachable_http_error | provider_reachable_http_error | provider_reachable_http_error | provider_reachable_http_error | provider_reachable_http_error | provider_reachable_http_error
181,cinefreak,published-baseline,no_streams,10,inconclusive,content_not_found | content_not_found | content_not_found | content_not_found | content_not_found | content_not_found
182,cinevibe,published-baseline,no_streams,10,no_provider_domain_detected,content_not_found | content_not_found | content_not_found
183,ctgmovies,published-baseline,no_streams,10,inconclusive,content_not_found | content_not_found | content_not_found | content_not_found | content_not_found | content_not_found
184,fibwatch,published-baseline,no_streams,10,no_provider_domain_detected,provider_reachable_http_error | provider_reachable_http_error | provider_reachable_http_error | provider_reachable_http_error | provider_reachable_http_error | provider_reachable_http_error | provider_reachable_http_error | provider_reachable_http_error | provider_reachable_http_error
185,mallumv,published-baseline,no_streams,10,inconclusive,content_not_found | content_not_found | content_not_found
186,vidnest,published-baseline,no_streams,10,inconclusive,content_not_found | content_not_found | content_not_found | content_not_found | content_not_found | content_not_found
187,vidnest-anime,published-baseline,no_streams,10,inconclusive,content_not_found | content_not_found | content_not_found | content_not_found | content_not_found | content_not_found
188,xpass,published-baseline,no_streams,10,no_provider_domain_detected,provider_reachable_http_error | provider_reachable_http_error | provider_reachable_http_error | provider_reachable_http_error | provider_reachable_http_error | provider_reachable_http_error
189,animezey,published-baseline,no_streams,10,inconclusive,content_not_found | content_not_found | content_not_found | content_not_found | content_not_found | content_not_found
190,goatapi,published-baseline,no_streams,10,inconclusive,search_or_route_obsolete | search_or_route_obsolete | search_or_route_obsolete
191,dvdplay,published-baseline,no_streams,10,inconclusive,content_not_found | content_not_found | content_not_found | content_not_found | content_not_found | content_not_found
192,kisskh,published-baseline,no_streams,10,inconclusive,content_not_found | content_not_found | content_not_found | content_not_found | content_not_found | content_not_found
193,mycima,published-baseline,no_streams,10,inconclusive,content_not_found | content_not_found | content_not_found | content_not_found | content_not_found | content_not_found | content_not_found | content_not_found | content_not_found
194,onlykdrama,published-baseline,no_streams,10,no_provider_domain_detected,content_not_found | content_not_found | content_not_found | content_not_found | content_not_found | content_not_found
